buying,maint,doors,persons,lugboot,safety,label,predictions
vhigh,vhigh,2,2,small,low,negative,negative
vhigh,vhigh,2,2,med,low,negative,negative
vhigh,vhigh,2,2,med,med,negative,negative
vhigh,vhigh,2,2,med,high,negative,negative
vhigh,vhigh,2,2,big,low,negative,negative
vhigh,vhigh,2,2,big,med,negative,negative
vhigh,vhigh,2,2,big,high,negative,negative
vhigh,vhigh,2,4,small,low,negative,negative
vhigh,vhigh,2,4,small,med,negative,negative
vhigh,vhigh,2,4,small,high,negative,negative
vhigh,vhigh,2,4,med,low,negative,negative
vhigh,vhigh,2,4,med,med,negative,negative
vhigh,vhigh,2,4,med,high,negative,negative
vhigh,vhigh,2,4,big,low,negative,negative
vhigh,vhigh,2,4,big,high,negative,negative
vhigh,vhigh,2,more,small,med,negative,negative
vhigh,vhigh,2,more,small,high,negative,negative
vhigh,vhigh,2,more,med,low,negative,negative
vhigh,vhigh,2,more,med,med,negative,negative
vhigh,vhigh,2,more,big,low,negative,negative
vhigh,vhigh,2,more,big,med,negative,negative
vhigh,vhigh,2,more,big,high,negative,negative
vhigh,vhigh,3,2,small,med,negative,negative
vhigh,vhigh,3,2,small,high,negative,negative
vhigh,vhigh,3,2,med,low,negative,negative
vhigh,vhigh,3,2,med,high,negative,negative
vhigh,vhigh,3,2,big,high,negative,negative
vhigh,vhigh,3,4,small,low,negative,negative
vhigh,vhigh,3,4,small,med,negative,negative
vhigh,vhigh,3,4,small,high,negative,negative
vhigh,vhigh,3,4,med,low,negative,negative
vhigh,vhigh,3,4,med,med,negative,negative
vhigh,vhigh,3,4,med,high,negative,negative
vhigh,vhigh,3,4,big,low,negative,negative
vhigh,vhigh,3,4,big,med,negative,negative
vhigh,vhigh,3,4,big,high,negative,negative
vhigh,vhigh,3,more,small,low,negative,negative
vhigh,vhigh,3,more,small,med,negative,negative
vhigh,vhigh,3,more,small,high,negative,negative
vhigh,vhigh,3,more,med,low,negative,negative
vhigh,vhigh,3,more,med,med,negative,negative
vhigh,vhigh,3,more,med,high,negative,negative
vhigh,vhigh,3,more,big,med,negative,negative
vhigh,vhigh,3,more,big,high,negative,negative
vhigh,vhigh,4,2,small,low,negative,negative
vhigh,vhigh,4,2,small,med,negative,negative
vhigh,vhigh,4,2,small,high,negative,negative
vhigh,vhigh,4,2,med,low,negative,negative
vhigh,vhigh,4,2,med,high,negative,negative
vhigh,vhigh,4,2,big,low,negative,negative
vhigh,vhigh,4,2,big,med,negative,negative
vhigh,vhigh,4,4,small,low,negative,negative
vhigh,vhigh,4,4,small,high,negative,negative
vhigh,vhigh,4,4,med,med,negative,negative
vhigh,vhigh,4,4,big,low,negative,negative
vhigh,vhigh,4,4,big,med,negative,negative
vhigh,vhigh,4,more,small,low,negative,negative
vhigh,vhigh,4,more,small,med,negative,negative
vhigh,vhigh,4,more,small,high,negative,negative
vhigh,vhigh,4,more,med,low,negative,negative
vhigh,vhigh,4,more,med,high,negative,negative
vhigh,vhigh,4,more,big,low,negative,negative
vhigh,vhigh,4,more,big,med,negative,negative
vhigh,vhigh,4,more,big,high,negative,negative
vhigh,vhigh,morethanfive,2,small,low,negative,negative
vhigh,vhigh,morethanfive,2,small,high,negative,negative
vhigh,vhigh,morethanfive,2,med,low,negative,negative
vhigh,vhigh,morethanfive,2,med,med,negative,negative
vhigh,vhigh,morethanfive,2,med,high,negative,negative
vhigh,vhigh,morethanfive,2,big,low,negative,negative
vhigh,vhigh,morethanfive,2,big,med,negative,negative
vhigh,vhigh,morethanfive,2,big,high,negative,negative
vhigh,vhigh,morethanfive,4,small,low,negative,negative
vhigh,vhigh,morethanfive,4,small,high,negative,negative
vhigh,vhigh,morethanfive,4,med,low,negative,negative
vhigh,vhigh,morethanfive,4,med,med,negative,negative
vhigh,vhigh,morethanfive,4,big,low,negative,negative
vhigh,vhigh,morethanfive,4,big,med,negative,negative
vhigh,vhigh,morethanfive,more,small,low,negative,negative
vhigh,vhigh,morethanfive,more,small,med,negative,negative
vhigh,vhigh,morethanfive,more,med,low,negative,negative
vhigh,vhigh,morethanfive,more,med,med,negative,negative
vhigh,vhigh,morethanfive,more,big,low,negative,negative
vhigh,vhigh,morethanfive,more,big,med,negative,negative
vhigh,high,2,2,small,med,negative,negative
vhigh,high,2,2,small,high,negative,negative
vhigh,high,2,2,med,low,negative,negative
vhigh,high,2,2,med,med,negative,negative
vhigh,high,2,2,med,high,negative,negative
vhigh,high,2,2,big,low,negative,negative
vhigh,high,2,2,big,med,negative,negative
vhigh,high,2,2,big,high,negative,negative
vhigh,high,2,4,med,low,negative,negative
vhigh,high,2,4,med,med,negative,negative
vhigh,high,2,4,med,high,negative,negative
vhigh,high,2,4,big,med,negative,negative
vhigh,high,2,4,big,high,negative,negative
vhigh,high,2,more,small,low,negative,negative
vhigh,high,2,more,small,med,negative,negative
vhigh,high,2,more,small,high,negative,negative
vhigh,high,2,more,med,low,negative,negative
vhigh,high,2,more,med,high,negative,negative
vhigh,high,2,more,big,low,negative,negative
vhigh,high,2,more,big,med,negative,negative
vhigh,high,2,more,big,high,negative,negative
vhigh,high,3,2,small,low,negative,negative
vhigh,high,3,2,small,med,negative,negative
vhigh,high,3,2,med,low,negative,negative
vhigh,high,3,2,med,high,negative,negative
vhigh,high,3,2,big,med,negative,negative
vhigh,high,3,2,big,high,negative,negative
vhigh,high,3,4,small,low,negative,negative
vhigh,high,3,4,small,high,negative,negative
vhigh,high,3,4,med,low,negative,negative
vhigh,high,3,4,med,high,negative,negative
vhigh,high,3,4,big,low,negative,negative
vhigh,high,3,4,big,med,negative,negative
vhigh,high,3,4,big,high,negative,negative
vhigh,high,3,more,small,low,negative,negative
vhigh,high,3,more,small,med,negative,negative
vhigh,high,3,more,med,low,negative,negative
vhigh,high,3,more,med,med,negative,negative
vhigh,high,3,more,med,high,negative,negative
vhigh,high,3,more,big,low,negative,negative
vhigh,high,3,more,big,med,negative,negative
vhigh,high,3,more,big,high,negative,negative
vhigh,high,4,2,small,med,negative,negative
vhigh,high,4,2,med,low,negative,negative
vhigh,high,4,2,med,high,negative,negative
vhigh,high,4,2,big,low,negative,negative
vhigh,high,4,2,big,med,negative,negative
vhigh,high,4,2,big,high,negative,negative
vhigh,high,4,4,small,low,negative,negative
vhigh,high,4,4,small,med,negative,negative
vhigh,high,4,4,small,high,negative,negative
vhigh,high,4,4,med,med,negative,negative
vhigh,high,4,4,med,high,negative,negative
vhigh,high,4,4,big,med,negative,negative
vhigh,high,4,4,big,high,negative,negative
vhigh,high,4,more,small,low,negative,negative
vhigh,high,4,more,small,high,negative,negative
vhigh,high,4,more,med,low,negative,negative
vhigh,high,4,more,med,med,negative,negative
vhigh,high,4,more,med,high,negative,negative
vhigh,high,4,more,big,low,negative,negative
vhigh,high,4,more,big,med,negative,negative
vhigh,high,4,more,big,high,negative,negative
vhigh,high,morethanfive,2,small,low,negative,negative
vhigh,high,morethanfive,2,small,med,negative,negative
vhigh,high,morethanfive,2,small,high,negative,negative
vhigh,high,morethanfive,2,med,low,negative,negative
vhigh,high,morethanfive,2,med,med,negative,negative
vhigh,high,morethanfive,2,med,high,negative,negative
vhigh,high,morethanfive,2,big,low,negative,negative
vhigh,high,morethanfive,2,big,high,negative,negative
vhigh,high,morethanfive,4,small,low,negative,negative
vhigh,high,morethanfive,4,small,high,negative,negative
vhigh,high,morethanfive,4,med,med,negative,negative
vhigh,high,morethanfive,4,med,high,negative,negative
vhigh,high,morethanfive,4,big,low,negative,negative
vhigh,high,morethanfive,4,big,med,negative,negative
vhigh,high,morethanfive,4,big,high,negative,negative
vhigh,high,morethanfive,more,small,low,negative,negative
vhigh,high,morethanfive,more,small,med,negative,negative
vhigh,high,morethanfive,more,med,low,negative,negative
vhigh,high,morethanfive,more,med,med,negative,negative
vhigh,high,morethanfive,more,med,high,negative,negative
vhigh,high,morethanfive,more,big,low,negative,negative
vhigh,high,morethanfive,more,big,high,negative,negative
vhigh,med,2,2,small,low,negative,negative
vhigh,med,2,2,small,med,negative,negative
vhigh,med,2,2,small,high,negative,negative
vhigh,med,2,2,med,med,negative,negative
vhigh,med,2,2,med,high,negative,negative
vhigh,med,2,2,big,low,negative,negative
vhigh,med,2,2,big,high,negative,negative
vhigh,med,2,4,small,low,negative,negative
vhigh,med,2,4,med,low,negative,negative
vhigh,med,2,4,med,med,negative,negative
vhigh,med,2,4,big,high,positive,positive
vhigh,med,2,more,small,low,negative,negative
vhigh,med,2,more,small,med,negative,negative
vhigh,med,2,more,small,high,negative,positive
vhigh,med,2,more,med,high,positive,positive
vhigh,med,2,more,big,high,positive,positive
vhigh,med,3,2,small,low,negative,negative
vhigh,med,3,2,small,high,negative,negative
vhigh,med,3,2,med,low,negative,negative
vhigh,med,3,2,med,high,negative,negative
vhigh,med,3,2,big,low,negative,negative
vhigh,med,3,2,big,med,negative,negative
vhigh,med,3,2,big,high,negative,negative
vhigh,med,3,4,small,low,negative,negative
vhigh,med,3,4,small,med,negative,negative
vhigh,med,3,4,small,high,positive,positive
vhigh,med,3,4,med,low,negative,negative
vhigh,med,3,4,med,med,negative,negative
vhigh,med,3,4,med,high,positive,positive
vhigh,med,3,4,big,low,negative,negative
vhigh,med,3,4,big,med,positive,positive
vhigh,med,3,4,big,high,positive,positive
vhigh,med,3,more,small,med,negative,negative
vhigh,med,3,more,small,high,positive,positive
vhigh,med,3,more,med,low,negative,negative
vhigh,med,3,more,med,med,positive,positive
vhigh,med,3,more,med,high,positive,positive
vhigh,med,3,more,big,low,negative,negative
vhigh,med,3,more,big,med,positive,positive
vhigh,med,3,more,big,high,positive,positive
vhigh,med,4,2,small,low,negative,negative
vhigh,med,4,2,small,med,negative,negative
vhigh,med,4,2,med,low,negative,negative
vhigh,med,4,2,med,med,negative,negative
vhigh,med,4,2,med,high,negative,negative
vhigh,med,4,2,big,low,negative,negative
vhigh,med,4,2,big,med,negative,negative
vhigh,med,4,2,big,high,negative,negative
vhigh,med,4,4,small,low,negative,negative
vhigh,med,4,4,small,med,negative,negative
vhigh,med,4,4,small,high,positive,positive
vhigh,med,4,4,med,low,negative,negative
vhigh,med,4,4,med,med,positive,positive
vhigh,med,4,4,med,high,positive,positive
vhigh,med,4,4,big,low,negative,negative
vhigh,med,4,4,big,med,positive,positive
vhigh,med,4,more,small,high,positive,positive
vhigh,med,4,more,med,low,negative,negative
vhigh,med,4,more,med,med,positive,positive
vhigh,med,4,more,med,high,positive,positive
vhigh,med,4,more,big,low,negative,negative
vhigh,med,4,more,big,med,positive,positive
vhigh,med,4,more,big,high,positive,positive
vhigh,med,morethanfive,2,small,low,negative,negative
vhigh,med,morethanfive,2,small,med,negative,negative
vhigh,med,morethanfive,2,med,med,negative,negative
vhigh,med,morethanfive,2,med,high,negative,negative
vhigh,med,morethanfive,2,big,low,negative,negative
vhigh,med,morethanfive,2,big,high,negative,negative
vhigh,med,morethanfive,4,small,low,negative,negative
vhigh,med,morethanfive,4,small,med,negative,negative
vhigh,med,morethanfive,4,small,high,positive,positive
vhigh,med,morethanfive,4,med,low,negative,negative
vhigh,med,morethanfive,4,med,high,positive,positive
vhigh,med,morethanfive,4,big,low,negative,negative
vhigh,med,morethanfive,4,big,high,positive,positive
vhigh,med,morethanfive,more,small,low,negative,negative
vhigh,med,morethanfive,more,small,high,positive,positive
vhigh,med,morethanfive,more,med,low,negative,negative
vhigh,med,morethanfive,more,med,med,positive,positive
vhigh,med,morethanfive,more,med,high,positive,positive
vhigh,med,morethanfive,more,big,low,negative,negative
vhigh,med,morethanfive,more,big,med,positive,positive
vhigh,med,morethanfive,more,big,high,positive,positive
vhigh,low,2,2,small,med,negative,negative
vhigh,low,2,2,small,high,negative,negative
vhigh,low,2,2,med,med,negative,negative
vhigh,low,2,2,med,high,negative,negative
vhigh,low,2,2,big,high,negative,negative
vhigh,low,2,4,small,low,negative,negative
vhigh,low,2,4,small,med,negative,negative
vhigh,low,2,4,med,low,negative,negative
vhigh,low,2,4,med,high,positive,positive
vhigh,low,2,4,big,low,negative,negative
vhigh,low,2,4,big,med,positive,positive
vhigh,low,2,4,big,high,positive,positive
vhigh,low,2,more,small,low,negative,negative
vhigh,low,2,more,small,med,negative,negative
vhigh,low,2,more,small,high,negative,negative
vhigh,low,2,more,med,low,negative,negative
vhigh,low,2,more,med,med,negative,positive
vhigh,low,2,more,med,high,positive,positive
vhigh,low,2,more,big,med,positive,positive
vhigh,low,2,more,big,high,positive,positive
vhigh,low,3,2,small,low,negative,negative
vhigh,low,3,2,small,high,negative,negative
vhigh,low,3,2,med,low,negative,negative
vhigh,low,3,2,med,med,negative,negative
vhigh,low,3,2,med,high,negative,negative
vhigh,low,3,2,big,low,negative,negative
vhigh,low,3,2,big,med,negative,negative
vhigh,low,3,2,big,high,negative,negative
vhigh,low,3,4,small,low,negative,negative
vhigh,low,3,4,small,med,negative,negative
vhigh,low,3,4,small,high,positive,positive
vhigh,low,3,4,med,low,negative,negative
vhigh,low,3,4,med,med,negative,positive
vhigh,low,3,4,med,high,positive,positive
vhigh,low,3,4,big,low,negative,negative
vhigh,low,3,4,big,med,positive,positive
vhigh,low,3,4,big,high,positive,positive
vhigh,low,3,more,small,low,negative,negative
vhigh,low,3,more,small,med,negative,negative
vhigh,low,3,more,med,low,negative,negative
vhigh,low,3,more,med,med,positive,positive
vhigh,low,3,more,med,high,positive,positive
vhigh,low,3,more,big,low,negative,negative
vhigh,low,3,more,big,med,positive,positive
vhigh,low,3,more,big,high,positive,positive
vhigh,low,4,2,small,low,negative,negative
vhigh,low,4,2,small,med,negative,negative
vhigh,low,4,2,small,high,negative,negative
vhigh,low,4,2,med,low,negative,negative
vhigh,low,4,2,med,med,negative,negative
vhigh,low,4,2,big,med,negative,negative
vhigh,low,4,2,big,high,negative,negative
vhigh,low,4,4,small,low,negative,negative
vhigh,low,4,4,small,med,negative,negative
vhigh,low,4,4,small,high,positive,positive
vhigh,low,4,4,med,low,negative,negative
vhigh,low,4,4,med,med,positive,positive
vhigh,low,4,4,med,high,positive,positive
vhigh,low,4,4,big,low,negative,negative
vhigh,low,4,4,big,high,positive,positive
vhigh,low,4,more,small,low,negative,negative
vhigh,low,4,more,small,high,positive,positive
vhigh,low,4,more,med,low,negative,negative
vhigh,low,4,more,med,med,positive,positive
vhigh,low,4,more,big,low,negative,negative
vhigh,low,4,more,big,high,positive,positive
vhigh,low,morethanfive,2,small,high,negative,negative
vhigh,low,morethanfive,2,med,low,negative,negative
vhigh,low,morethanfive,2,med,high,negative,negative
vhigh,low,morethanfive,2,big,low,negative,negative
vhigh,low,morethanfive,2,big,high,negative,negative
vhigh,low,morethanfive,4,small,low,negative,negative
vhigh,low,morethanfive,4,small,med,negative,negative
vhigh,low,morethanfive,4,small,high,positive,positive
vhigh,low,morethanfive,4,med,low,negative,negative
vhigh,low,morethanfive,4,med,med,positive,positive
vhigh,low,morethanfive,4,big,med,positive,positive
vhigh,low,morethanfive,4,big,high,positive,positive
vhigh,low,morethanfive,more,small,low,negative,negative
vhigh,low,morethanfive,more,small,med,negative,negative
vhigh,low,morethanfive,more,small,high,positive,positive
vhigh,low,morethanfive,more,med,low,negative,negative
vhigh,low,morethanfive,more,med,high,positive,positive
vhigh,low,morethanfive,more,big,med,positive,positive
vhigh,low,morethanfive,more,big,high,positive,positive
high,vhigh,2,2,small,low,negative,negative
high,vhigh,2,2,small,med,negative,negative
high,vhigh,2,2,small,high,negative,negative
high,vhigh,2,2,med,low,negative,negative
high,vhigh,2,2,med,med,negative,negative
high,vhigh,2,2,big,low,negative,negative
high,vhigh,2,2,big,med,negative,negative
high,vhigh,2,4,small,med,negative,negative
high,vhigh,2,4,med,low,negative,negative
high,vhigh,2,4,med,med,negative,negative
high,vhigh,2,4,big,low,negative,negative
high,vhigh,2,4,big,med,negative,negative
high,vhigh,2,4,big,high,negative,negative
high,vhigh,2,more,small,low,negative,negative
high,vhigh,2,more,small,med,negative,negative
high,vhigh,2,more,small,high,negative,negative
high,vhigh,2,more,med,low,negative,negative
high,vhigh,2,more,med,high,negative,negative
high,vhigh,2,more,big,low,negative,negative
high,vhigh,2,more,big,med,negative,negative
high,vhigh,2,more,big,high,negative,negative
high,vhigh,3,2,small,low,negative,negative
high,vhigh,3,2,small,high,negative,negative
high,vhigh,3,2,med,low,negative,negative
high,vhigh,3,2,med,med,negative,negative
high,vhigh,3,2,med,high,negative,negative
high,vhigh,3,2,big,low,negative,negative
high,vhigh,3,2,big,med,negative,negative
high,vhigh,3,4,small,low,negative,negative
high,vhigh,3,4,small,high,negative,negative
high,vhigh,3,4,med,low,negative,negative
high,vhigh,3,4,med,med,negative,negative
high,vhigh,3,4,med,high,negative,negative
high,vhigh,3,4,big,low,negative,negative
high,vhigh,3,4,big,med,negative,negative
high,vhigh,3,4,big,high,negative,negative
high,vhigh,3,more,small,low,negative,negative
high,vhigh,3,more,small,med,negative,negative
high,vhigh,3,more,small,high,negative,negative
high,vhigh,3,more,med,high,negative,negative
high,vhigh,4,2,small,med,negative,negative
high,vhigh,4,2,small,high,negative,negative
high,vhigh,4,2,med,low,negative,negative
high,vhigh,4,2,med,med,negative,negative
high,vhigh,4,2,med,high,negative,negative
high,vhigh,4,2,big,low,negative,negative
high,vhigh,4,2,big,med,negative,negative
high,vhigh,4,2,big,high,negative,negative
high,vhigh,4,4,small,med,negative,negative
high,vhigh,4,4,med,low,negative,negative
high,vhigh,4,4,med,med,negative,negative
high,vhigh,4,4,med,high,negative,negative
high,vhigh,4,4,big,low,negative,negative
high,vhigh,4,4,big,med,negative,negative
high,vhigh,4,4,big,high,negative,negative
high,vhigh,4,more,small,med,negative,negative
high,vhigh,4,more,small,high,negative,negative
high,vhigh,4,more,med,med,negative,negative
high,vhigh,4,more,med,high,negative,negative
high,vhigh,4,more,big,med,negative,negative
high,vhigh,4,more,big,high,negative,negative
high,vhigh,morethanfive,2,small,low,negative,negative
high,vhigh,morethanfive,2,small,med,negative,negative
high,vhigh,morethanfive,2,small,high,negative,negative
high,vhigh,morethanfive,2,med,low,negative,negative
high,vhigh,morethanfive,2,med,med,negative,negative
high,vhigh,morethanfive,2,med,high,negative,negative
high,vhigh,morethanfive,2,big,low,negative,negative
high,vhigh,morethanfive,2,big,med,negative,negative
high,vhigh,morethanfive,2,big,high,negative,negative
high,vhigh,morethanfive,4,small,low,negative,negative
high,vhigh,morethanfive,4,med,low,negative,negative
high,vhigh,morethanfive,4,big,high,negative,negative
high,vhigh,morethanfive,more,small,low,negative,negative
high,vhigh,morethanfive,more,small,med,negative,negative
high,vhigh,morethanfive,more,small,high,negative,negative
high,vhigh,morethanfive,more,med,low,negative,negative
high,vhigh,morethanfive,more,med,med,negative,negative
high,vhigh,morethanfive,more,med,high,negative,negative
high,vhigh,morethanfive,more,big,low,negative,negative
high,vhigh,morethanfive,more,big,med,negative,negative
high,vhigh,morethanfive,more,big,high,negative,negative
high,high,2,2,small,low,negative,negative
high,high,2,2,small,med,negative,negative
high,high,2,2,small,high,negative,negative
high,high,2,2,med,low,negative,negative
high,high,2,2,med,med,negative,negative
high,high,2,2,med,high,negative,negative
high,high,2,2,big,low,negative,negative
high,high,2,4,small,low,negative,negative
high,high,2,4,small,med,negative,negative
high,high,2,4,small,high,positive,positive
high,high,2,4,med,med,negative,negative
high,high,2,4,med,high,positive,positive
high,high,2,4,big,low,negative,negative
high,high,2,4,big,med,positive,positive
high,high,2,4,big,high,positive,positive
high,high,2,more,small,high,negative,negative
high,high,2,more,med,low,negative,negative
high,high,2,more,med,med,negative,negative
high,high,2,more,med,high,positive,positive
high,high,2,more,big,low,negative,negative
high,high,2,more,big,med,positive,positive
high,high,2,more,big,high,positive,positive
high,high,3,2,small,med,negative,negative
high,high,3,2,small,high,negative,negative
high,high,3,2,med,low,negative,negative
high,high,3,2,med,med,negative,negative
high,high,3,2,med,high,negative,negative
high,high,3,2,big,med,negative,negative
high,high,3,2,big,high,negative,negative
high,high,3,4,small,low,negative,negative
high,high,3,4,small,med,negative,negative
high,high,3,4,small,high,positive,positive
high,high,3,4,med,low,negative,negative
high,high,3,4,med,med,negative,negative
high,high,3,4,med,high,positive,positive
high,high,3,4,big,low,negative,negative
high,high,3,4,big,med,positive,positive
high,high,3,more,small,low,negative,negative
high,high,3,more,small,med,negative,negative
high,high,3,more,small,high,positive,positive
high,high,3,more,med,med,positive,positive
high,high,3,more,big,med,positive,positive
high,high,3,more,big,high,positive,positive
high,high,4,2,small,med,negative,negative
high,high,4,2,small,high,negative,negative
high,high,4,2,med,low,negative,negative
high,high,4,2,med,med,negative,negative
high,high,4,2,big,low,negative,negative
high,high,4,2,big,med,negative,negative
high,high,4,2,big,high,negative,negative
high,high,4,4,small,low,negative,negative
high,high,4,4,small,med,negative,negative
high,high,4,4,small,high,positive,positive
high,high,4,4,med,med,positive,positive
high,high,4,4,big,low,negative,negative
high,high,4,4,big,med,positive,positive
high,high,4,more,small,med,negative,negative
high,high,4,more,med,low,negative,negative
high,high,4,more,med,med,positive,positive
high,high,4,more,med,high,positive,positive
high,high,4,more,big,med,positive,positive
high,high,4,more,big,high,positive,positive
high,high,morethanfive,2,small,low,negative,negative
high,high,morethanfive,2,small,med,negative,negative
high,high,morethanfive,2,small,high,negative,negative
high,high,morethanfive,2,med,low,negative,negative
high,high,morethanfive,2,med,med,negative,negative
high,high,morethanfive,2,med,high,negative,negative
high,high,morethanfive,2,big,low,negative,negative
high,high,morethanfive,2,big,high,negative,negative
high,high,morethanfive,4,small,low,negative,negative
high,high,morethanfive,4,small,med,negative,negative
high,high,morethanfive,4,med,low,negative,negative
high,high,morethanfive,4,med,high,positive,positive
high,high,morethanfive,4,big,low,negative,negative
high,high,morethanfive,4,big,med,positive,positive
high,high,morethanfive,4,big,high,positive,positive
high,high,morethanfive,more,small,med,negative,negative
high,high,morethanfive,more,small,high,positive,positive
high,high,morethanfive,more,med,low,negative,negative
high,high,morethanfive,more,med,high,positive,positive
high,high,morethanfive,more,big,med,positive,positive
high,high,morethanfive,more,big,high,positive,positive
high,med,2,2,small,low,negative,negative
high,med,2,2,small,med,negative,negative
high,med,2,2,med,low,negative,negative
high,med,2,2,med,high,negative,negative
high,med,2,2,big,med,negative,negative
high,med,2,2,big,high,negative,negative
high,med,2,4,small,low,negative,negative
high,med,2,4,small,med,negative,negative
high,med,2,4,small,high,positive,positive
high,med,2,4,med,low,negative,negative
high,med,2,4,med,med,negative,positive
high,med,2,4,med,high,positive,positive
high,med,2,4,big,low,negative,negative
high,med,2,4,big,high,positive,positive
high,med,2,more,small,low,negative,negative
high,med,2,more,small,med,negative,negative
high,med,2,more,small,high,negative,positive
high,med,2,more,med,low,negative,negative
high,med,2,more,med,med,negative,positive
high,med,2,more,med,high,positive,positive
high,med,2,more,big,low,negative,negative
high,med,2,more,big,med,positive,positive
high,med,3,2,small,high,negative,negative
high,med,3,2,med,low,negative,negative
high,med,3,2,med,high,negative,negative
high,med,3,2,big,low,negative,negative
high,med,3,2,big,med,negative,negative
high,med,3,2,big,high,negative,negative
high,med,3,4,small,low,negative,negative
high,med,3,4,small,med,negative,negative
high,med,3,4,small,high,positive,positive
high,med,3,4,med,low,negative,negative
high,med,3,4,med,med,negative,positive
high,med,3,4,med,high,positive,positive
high,med,3,4,big,low,negative,negative
high,med,3,4,big,high,positive,positive
high,med,3,more,small,low,negative,negative
high,med,3,more,small,high,positive,positive
high,med,3,more,med,low,negative,negative
high,med,3,more,med,med,positive,positive
high,med,3,more,med,high,positive,positive
high,med,3,more,big,low,negative,negative
high,med,3,more,big,med,positive,positive
high,med,3,more,big,high,positive,positive
high,med,4,2,small,low,negative,negative
high,med,4,2,small,med,negative,negative
high,med,4,2,small,high,negative,negative
high,med,4,2,med,low,negative,negative
high,med,4,2,med,med,negative,negative
high,med,4,2,med,high,negative,negative
high,med,4,2,big,low,negative,negative
high,med,4,2,big,med,negative,negative
high,med,4,2,big,high,negative,negative
high,med,4,4,small,low,negative,negative
high,med,4,4,small,high,positive,positive
high,med,4,4,med,low,negative,negative
high,med,4,4,med,med,positive,positive
high,med,4,4,med,high,positive,positive
high,med,4,4,big,low,negative,negative
high,med,4,4,big,med,positive,positive
high,med,4,more,small,low,negative,negative
high,med,4,more,small,med,negative,negative
high,med,4,more,small,high,positive,positive
high,med,4,more,med,low,negative,negative
high,med,4,more,med,med,positive,positive
high,med,4,more,med,high,positive,positive
high,med,4,more,big,high,positive,positive
high,med,morethanfive,2,small,med,negative,negative
high,med,morethanfive,2,med,low,negative,negative
high,med,morethanfive,2,med,high,negative,negative
high,med,morethanfive,2,big,low,negative,negative
high,med,morethanfive,2,big,med,negative,negative
high,med,morethanfive,4,small,low,negative,negative
high,med,morethanfive,4,small,med,negative,negative
high,med,morethanfive,4,small,high,positive,positive
high,med,morethanfive,4,med,low,negative,negative
high,med,morethanfive,4,med,high,positive,positive
high,med,morethanfive,4,big,low,negative,negative
high,med,morethanfive,4,big,med,positive,positive
high,med,morethanfive,4,big,high,positive,positive
high,med,morethanfive,more,small,low,negative,negative
high,med,morethanfive,more,small,med,negative,negative
high,med,morethanfive,more,small,high,positive,positive
high,med,morethanfive,more,med,low,negative,negative
high,med,morethanfive,more,med,med,positive,positive
high,med,morethanfive,more,med,high,positive,positive
high,med,morethanfive,more,big,low,negative,negative
high,med,morethanfive,more,big,med,positive,positive
high,med,morethanfive,more,big,high,positive,positive
high,low,2,2,small,med,negative,negative
high,low,2,2,small,high,negative,negative
high,low,2,2,med,med,negative,negative
high,low,2,2,big,low,negative,negative
high,low,2,2,big,med,negative,negative
high,low,2,2,big,high,negative,negative
high,low,2,4,small,low,negative,negative
high,low,2,4,small,med,negative,negative
high,low,2,4,small,high,positive,positive
high,low,2,4,med,med,negative,positive
high,low,2,4,big,low,negative,negative
high,low,2,4,big,med,positive,positive
high,low,2,more,small,low,negative,negative
high,low,2,more,small,med,negative,negative
high,low,2,more,small,high,negative,negative
high,low,2,more,med,low,negative,negative
high,low,2,more,med,med,negative,positive
high,low,2,more,med,high,positive,positive
high,low,2,more,big,low,negative,negative
high,low,2,more,big,med,positive,positive
high,low,2,more,big,high,positive,positive
high,low,3,2,small,low,negative,negative
high,low,3,2,small,med,negative,negative
high,low,3,2,small,high,negative,negative
high,low,3,2,med,low,negative,negative
high,low,3,2,med,med,negative,negative
high,low,3,2,med,high,negative,negative
high,low,3,2,big,low,negative,negative
high,low,3,2,big,med,negative,negative
high,low,3,2,big,high,negative,negative
high,low,3,4,small,low,negative,negative
high,low,3,4,small,med,negative,negative
high,low,3,4,small,high,positive,positive
high,low,3,4,med,low,negative,negative
high,low,3,4,med,med,negative,positive
high,low,3,4,med,high,positive,positive
high,low,3,4,big,low,negative,negative
high,low,3,4,big,med,positive,positive
high,low,3,4,big,high,positive,positive
high,low,3,more,small,low,negative,negative
high,low,3,more,small,med,negative,negative
high,low,3,more,med,low,negative,negative
high,low,3,more,med,high,positive,positive
high,low,3,more,big,low,negative,negative
high,low,4,2,small,low,negative,negative
high,low,4,2,small,med,negative,negative
high,low,4,2,small,high,negative,negative
high,low,4,2,med,low,negative,negative
high,low,4,2,med,med,negative,negative
high,low,4,2,big,med,negative,negative
high,low,4,2,big,high,negative,negative
high,low,4,4,small,low,negative,negative
high,low,4,4,small,med,negative,negative
high,low,4,4,med,low,negative,negative
high,low,4,4,med,med,positive,positive
high,low,4,4,med,high,positive,positive
high,low,4,4,big,med,positive,positive
high,low,4,4,big,high,positive,positive
high,low,4,more,small,low,negative,negative
high,low,4,more,small,med,negative,negative
high,low,4,more,small,high,positive,positive
high,low,4,more,med,med,positive,positive
high,low,4,more,med,high,positive,positive
high,low,4,more,big,med,positive,positive
high,low,4,more,big,high,positive,positive
high,low,morethanfive,2,small,med,negative,negative
high,low,morethanfive,2,small,high,negative,negative
high,low,morethanfive,2,med,high,negative,negative
high,low,morethanfive,2,big,low,negative,negative
high,low,morethanfive,2,big,med,negative,negative
high,low,morethanfive,2,big,high,negative,negative
high,low,morethanfive,4,small,low,negative,negative
high,low,morethanfive,4,small,med,negative,negative
high,low,morethanfive,4,small,high,positive,positive
high,low,morethanfive,4,med,low,negative,negative
high,low,morethanfive,4,med,med,positive,positive
high,low,morethanfive,4,med,high,positive,positive
high,low,morethanfive,4,big,med,positive,positive
high,low,morethanfive,4,big,high,positive,positive
high,low,morethanfive,more,small,low,negative,negative
high,low,morethanfive,more,med,low,negative,negative
high,low,morethanfive,more,med,med,positive,positive
high,low,morethanfive,more,big,med,positive,positive
med,vhigh,2,2,small,low,negative,negative
med,vhigh,2,2,small,med,negative,negative
med,vhigh,2,2,small,high,negative,negative
med,vhigh,2,2,med,low,negative,negative
med,vhigh,2,2,med,med,negative,negative
med,vhigh,2,2,med,high,negative,negative
med,vhigh,2,2,big,low,negative,negative
med,vhigh,2,2,big,med,negative,negative
med,vhigh,2,2,big,high,negative,negative
med,vhigh,2,4,small,high,positive,positive
med,vhigh,2,4,med,low,negative,negative
med,vhigh,2,4,med,med,negative,negative
med,vhigh,2,4,med,high,positive,positive
med,vhigh,2,4,big,low,negative,negative
med,vhigh,2,4,big,high,positive,positive
med,vhigh,2,more,small,high,negative,negative
med,vhigh,2,more,med,low,negative,negative
med,vhigh,2,more,med,med,negative,positive
med,vhigh,2,more,med,high,positive,positive
med,vhigh,2,more,big,low,negative,negative
med,vhigh,2,more,big,med,positive,positive
med,vhigh,2,more,big,high,positive,positive
med,vhigh,3,2,small,low,negative,negative
med,vhigh,3,2,small,med,negative,negative
med,vhigh,3,2,small,high,negative,negative
med,vhigh,3,2,med,med,negative,negative
med,vhigh,3,2,med,high,negative,negative
med,vhigh,3,2,big,low,negative,negative
med,vhigh,3,2,big,med,negative,negative
med,vhigh,3,2,big,high,negative,negative
med,vhigh,3,4,small,low,negative,negative
med,vhigh,3,4,small,med,negative,negative
med,vhigh,3,4,small,high,positive,positive
med,vhigh,3,4,med,low,negative,negative
med,vhigh,3,4,med,med,negative,positive
med,vhigh,3,4,med,high,positive,positive
med,vhigh,3,4,big,med,positive,positive
med,vhigh,3,4,big,high,positive,positive
med,vhigh,3,more,small,low,negative,negative
med,vhigh,3,more,small,med,negative,negative
med,vhigh,3,more,small,high,positive,positive
med,vhigh,3,more,med,low,negative,negative
med,vhigh,3,more,med,med,positive,positive
med,vhigh,3,more,med,high,positive,positive
med,vhigh,3,more,big,low,negative,negative
med,vhigh,3,more,big,med,positive,positive
med,vhigh,3,more,big,high,positive,positive
med,vhigh,4,2,small,med,negative,negative
med,vhigh,4,2,med,low,negative,negative
med,vhigh,4,2,med,high,negative,negative
med,vhigh,4,2,big,low,negative,negative
med,vhigh,4,2,big,med,negative,negative
med,vhigh,4,2,big,high,negative,negative
med,vhigh,4,4,small,low,negative,negative
med,vhigh,4,4,small,med,negative,negative
med,vhigh,4,4,small,high,positive,positive
med,vhigh,4,4,med,low,negative,negative
med,vhigh,4,4,med,med,positive,positive
med,vhigh,4,4,med,high,positive,positive
med,vhigh,4,4,big,low,negative,negative
med,vhigh,4,4,big,high,positive,positive
med,vhigh,4,more,small,low,negative,negative
med,vhigh,4,more,small,high,positive,positive
med,vhigh,4,more,med,med,positive,positive
med,vhigh,4,more,med,high,positive,positive
med,vhigh,4,more,big,low,negative,negative
med,vhigh,morethanfive,2,small,low,negative,negative
med,vhigh,morethanfive,2,small,high,negative,negative
med,vhigh,morethanfive,2,med,low,negative,negative
med,vhigh,morethanfive,2,med,med,negative,negative
med,vhigh,morethanfive,2,med,high,negative,negative
med,vhigh,morethanfive,2,big,low,negative,negative
med,vhigh,morethanfive,2,big,med,negative,negative
med,vhigh,morethanfive,2,big,high,negative,negative
med,vhigh,morethanfive,4,small,low,negative,negative
med,vhigh,morethanfive,4,small,high,positive,positive
med,vhigh,morethanfive,4,med,low,negative,negative
med,vhigh,morethanfive,4,med,med,positive,positive
med,vhigh,morethanfive,4,med,high,positive,positive
med,vhigh,morethanfive,4,big,low,negative,negative
med,vhigh,morethanfive,4,big,med,positive,positive
med,vhigh,morethanfive,4,big,high,positive,positive
med,vhigh,morethanfive,more,small,low,negative,negative
med,vhigh,morethanfive,more,small,med,negative,negative
med,vhigh,morethanfive,more,med,low,negative,negative
med,vhigh,morethanfive,more,med,med,positive,positive
med,vhigh,morethanfive,more,med,high,positive,positive
med,vhigh,morethanfive,more,big,med,positive,positive
med,vhigh,morethanfive,more,big,high,positive,positive
med,high,2,2,small,med,negative,negative
med,high,2,2,small,high,negative,negative
med,high,2,2,med,low,negative,negative
med,high,2,2,med,med,negative,negative
med,high,2,2,med,high,negative,negative
med,high,2,2,big,low,negative,negative
med,high,2,2,big,med,negative,negative
med,high,2,2,big,high,negative,negative
med,high,2,4,small,low,negative,negative
med,high,2,4,small,high,positive,positive
med,high,2,4,med,low,negative,negative
med,high,2,4,med,med,negative,positive
med,high,2,4,med,high,positive,positive
med,high,2,4,big,med,positive,positive
med,high,2,4,big,high,positive,positive
med,high,2,more,small,low,negative,negative
med,high,2,more,small,med,negative,negative
med,high,2,more,small,high,negative,negative
med,high,2,more,med,low,negative,negative
med,high,2,more,med,med,negative,positive
med,high,2,more,med,high,positive,positive
med,high,2,more,big,med,positive,positive
med,high,3,2,small,low,negative,negative
med,high,3,2,small,med,negative,negative
med,high,3,2,med,low,negative,negative
med,high,3,2,med,med,negative,negative
med,high,3,2,med,high,negative,negative
med,high,3,2,big,low,negative,negative
med,high,3,2,big,med,negative,negative
med,high,3,2,big,high,negative,negative
med,high,3,4,small,low,negative,negative
med,high,3,4,small,med,negative,negative
med,high,3,4,small,high,positive,positive
med,high,3,4,med,low,negative,negative
med,high,3,4,med,med,negative,positive
med,high,3,4,med,high,positive,positive
med,high,3,4,big,low,negative,negative
med,high,3,4,big,high,positive,positive
med,high,3,more,small,low,negative,negative
med,high,3,more,small,med,negative,negative
med,high,3,more,small,high,positive,positive
med,high,3,more,med,low,negative,negative
med,high,3,more,med,high,positive,positive
med,high,3,more,big,low,negative,negative
med,high,3,more,big,med,positive,positive
med,high,3,more,big,high,positive,positive
med,high,4,2,small,low,negative,negative
med,high,4,2,small,high,negative,negative
med,high,4,2,med,low,negative,negative
med,high,4,2,med,med,negative,negative
med,high,4,2,med,high,negative,negative
med,high,4,2,big,low,negative,negative
med,high,4,2,big,med,negative,negative
med,high,4,2,big,high,negative,negative
med,high,4,4,small,low,negative,negative
med,high,4,4,small,med,negative,positive
med,high,4,4,small,high,positive,positive
med,high,4,4,med,low,negative,negative
med,high,4,4,med,med,positive,positive
med,high,4,4,big,low,negative,negative
med,high,4,4,big,med,positive,positive
med,high,4,more,small,high,positive,positive
med,high,4,more,med,low,negative,negative
med,high,4,more,med,high,positive,positive
med,high,4,more,big,low,negative,negative
med,high,4,more,big,med,positive,positive
med,high,4,more,big,high,positive,positive
med,high,morethanfive,2,small,med,negative,negative
med,high,morethanfive,2,small,high,negative,negative
med,high,morethanfive,2,med,low,negative,negative
med,high,morethanfive,2,med,med,negative,negative
med,high,morethanfive,2,med,high,negative,negative
med,high,morethanfive,2,big,low,negative,negative
med,high,morethanfive,2,big,med,negative,negative
med,high,morethanfive,4,small,low,negative,negative
med,high,morethanfive,4,small,high,positive,positive
med,high,morethanfive,4,med,low,negative,negative
med,high,morethanfive,4,med,med,positive,positive
med,high,morethanfive,4,med,high,positive,positive
med,high,morethanfive,4,big,low,negative,negative
med,high,morethanfive,4,big,med,positive,positive
med,high,morethanfive,4,big,high,positive,positive
med,high,morethanfive,more,small,low,negative,negative
med,high,morethanfive,more,small,med,negative,negative
med,high,morethanfive,more,small,high,positive,positive
med,high,morethanfive,more,med,high,positive,positive
med,high,morethanfive,more,big,med,positive,positive
med,med,2,2,small,low,negative,negative
med,med,2,2,small,high,negative,negative
med,med,2,2,med,low,negative,negative
med,med,2,2,med,med,negative,negative
med,med,2,2,med,high,negative,negative
med,med,2,2,big,low,negative,negative
med,med,2,2,big,med,negative,negative
med,med,2,2,big,high,negative,negative
med,med,2,4,small,low,negative,negative
med,med,2,4,small,med,positive,positive
med,med,2,4,med,low,negative,negative
med,med,2,4,med,med,positive,positive
med,med,2,4,med,high,positive,positive
med,med,2,4,big,low,negative,negative
med,med,2,4,big,med,positive,positive
med,med,2,4,big,high,positive,positive
med,med,2,more,small,med,negative,negative
med,med,2,more,small,high,negative,positive
med,med,2,more,med,high,positive,positive
med,med,2,more,big,low,negative,negative
med,med,2,more,big,med,positive,positive
med,med,2,more,big,high,positive,positive
med,med,3,2,small,med,negative,negative
med,med,3,2,small,high,negative,negative
med,med,3,2,med,med,negative,negative
med,med,3,2,med,high,negative,negative
med,med,3,2,big,low,negative,negative
med,med,3,2,big,med,negative,negative
med,med,3,2,big,high,negative,negative
med,med,3,4,small,low,negative,negative
med,med,3,4,small,med,positive,positive
med,med,3,4,small,high,positive,positive
med,med,3,4,med,low,negative,negative
med,med,3,4,med,med,positive,positive
med,med,3,4,med,high,positive,positive
med,med,3,4,big,med,positive,positive
med,med,3,more,small,low,negative,negative
med,med,3,more,small,high,positive,positive
med,med,3,more,med,low,negative,negative
med,med,3,more,med,med,positive,positive
med,med,3,more,med,high,positive,positive
med,med,3,more,big,low,negative,negative
med,med,3,more,big,med,positive,positive
med,med,3,more,big,high,positive,positive
med,med,4,2,small,low,negative,negative
med,med,4,2,small,med,negative,negative
med,med,4,2,small,high,negative,negative
med,med,4,2,med,low,negative,negative
med,med,4,2,med,high,negative,negative
med,med,4,2,big,low,negative,negative
med,med,4,2,big,med,negative,negative
med,med,4,2,big,high,negative,negative
med,med,4,4,small,low,negative,negative
med,med,4,4,small,high,positive,positive
med,med,4,4,med,low,negative,negative
med,med,4,4,med,med,positive,positive
med,med,4,4,med,high,positive,positive
med,med,4,4,big,low,negative,negative
med,med,4,4,big,med,positive,positive
med,med,4,4,big,high,positive,positive
med,med,4,more,small,low,negative,negative
med,med,4,more,small,med,positive,positive
med,med,4,more,med,low,negative,negative
med,med,4,more,med,high,positive,positive
med,med,4,more,big,low,negative,negative
med,med,4,more,big,med,positive,positive
med,med,4,more,big,high,positive,positive
med,med,morethanfive,2,small,med,negative,negative
med,med,morethanfive,2,small,high,negative,negative
med,med,morethanfive,2,med,low,negative,negative
med,med,morethanfive,2,med,med,negative,negative
med,med,morethanfive,2,med,high,negative,negative
med,med,morethanfive,2,big,low,negative,negative
med,med,morethanfive,2,big,med,negative,negative
med,med,morethanfive,2,big,high,negative,negative
med,med,morethanfive,4,small,low,negative,negative
med,med,morethanfive,4,small,med,positive,positive
med,med,morethanfive,4,small,high,positive,positive
med,med,morethanfive,4,med,low,negative,negative
med,med,morethanfive,4,med,med,positive,positive
med,med,morethanfive,4,big,low,negative,negative
med,med,morethanfive,4,big,med,positive,positive
med,med,morethanfive,4,big,high,positive,positive
med,med,morethanfive,more,small,med,positive,positive
med,med,morethanfive,more,small,high,positive,positive
med,med,morethanfive,more,med,med,positive,positive
med,med,morethanfive,more,med,high,positive,positive
med,med,morethanfive,more,big,low,negative,negative
med,med,morethanfive,more,big,high,positive,positive
med,low,2,2,small,low,negative,negative
med,low,2,2,small,med,negative,negative
med,low,2,2,small,high,negative,negative
med,low,2,2,med,low,negative,negative
med,low,2,2,med,med,negative,negative
med,low,2,2,med,high,negative,negative
med,low,2,2,big,low,negative,negative
med,low,2,2,big,high,negative,negative
med,low,2,4,small,med,positive,positive
med,low,2,4,small,high,positive,positive
med,low,2,4,med,low,negative,negative
med,low,2,4,big,low,negative,negative
med,low,2,4,big,med,positive,positive
med,low,2,4,big,high,positive,positive
med,low,2,more,small,low,negative,negative
med,low,2,more,small,med,negative,negative
med,low,2,more,small,high,negative,positive
med,low,2,more,med,low,negative,negative
med,low,2,more,med,med,positive,positive
med,low,2,more,med,high,positive,positive
med,low,2,more,big,med,positive,positive
med,low,2,more,big,high,positive,positive
med,low,3,2,small,low,negative,negative
med,low,3,2,small,high,negative,negative
med,low,3,2,med,low,negative,negative
med,low,3,2,med,med,negative,negative
med,low,3,2,med,high,negative,negative
med,low,3,2,big,low,negative,negative
med,low,3,2,big,med,negative,negative
med,low,3,2,big,high,negative,negative
med,low,3,4,small,low,negative,negative
med,low,3,4,small,med,positive,positive
med,low,3,4,small,high,positive,positive
med,low,3,4,med,low,negative,negative
med,low,3,4,med,med,positive,positive
med,low,3,4,med,high,positive,positive
med,low,3,4,big,low,negative,negative
med,low,3,4,big,med,positive,positive
med,low,3,4,big,high,positive,positive
med,low,3,more,small,low,negative,negative
med,low,3,more,small,med,positive,positive
med,low,3,more,small,high,positive,positive
med,low,3,more,med,low,negative,negative
med,low,3,more,med,med,positive,positive
med,low,3,more,med,high,positive,positive
med,low,3,more,big,low,negative,negative
med,low,3,more,big,med,positive,positive
med,low,4,2,small,med,negative,negative
med,low,4,2,med,low,negative,negative
med,low,4,2,med,med,negative,negative
med,low,4,2,med,high,negative,negative
med,low,4,2,big,low,negative,negative
med,low,4,2,big,med,negative,negative
med,low,4,4,small,low,negative,negative
med,low,4,4,small,high,positive,positive
med,low,4,4,med,high,positive,positive
med,low,4,4,big,low,negative,negative
med,low,4,4,big,med,positive,positive
med,low,4,4,big,high,positive,positive
med,low,4,more,small,med,positive,positive
med,low,4,more,small,high,positive,positive
med,low,4,more,med,low,negative,negative
med,low,4,more,med,med,positive,positive
med,low,4,more,med,high,positive,positive
med,low,4,more,big,low,negative,negative
med,low,4,more,big,high,positive,positive
med,low,morethanfive,2,small,low,negative,negative
med,low,morethanfive,2,small,med,negative,negative
med,low,morethanfive,2,small,high,negative,negative
med,low,morethanfive,2,med,high,negative,negative
med,low,morethanfive,2,big,low,negative,negative
med,low,morethanfive,2,big,med,negative,negative
med,low,morethanfive,2,big,high,negative,negative
med,low,morethanfive,4,small,low,negative,negative
med,low,morethanfive,4,small,med,positive,positive
med,low,morethanfive,4,small,high,positive,positive
med,low,morethanfive,4,med,low,negative,negative
med,low,morethanfive,4,med,med,positive,positive
med,low,morethanfive,4,med,high,positive,positive
med,low,morethanfive,4,big,low,negative,negative
med,low,morethanfive,4,big,med,positive,positive
med,low,morethanfive,4,big,high,positive,positive
med,low,morethanfive,more,small,low,negative,negative
med,low,morethanfive,more,small,med,positive,positive
med,low,morethanfive,more,small,high,positive,positive
med,low,morethanfive,more,med,low,negative,negative
med,low,morethanfive,more,med,high,positive,positive
med,low,morethanfive,more,big,low,negative,negative
med,low,morethanfive,more,big,med,positive,positive
med,low,morethanfive,more,big,high,positive,positive
low,vhigh,2,2,small,low,negative,negative
low,vhigh,2,2,small,med,negative,negative
low,vhigh,2,2,small,high,negative,negative
low,vhigh,2,2,med,low,negative,negative
low,vhigh,2,2,med,med,negative,negative
low,vhigh,2,2,med,high,negative,negative
low,vhigh,2,2,big,low,negative,negative
low,vhigh,2,2,big,med,negative,negative
low,vhigh,2,2,big,high,negative,negative
low,vhigh,2,4,small,low,negative,negative
low,vhigh,2,4,small,med,negative,negative
low,vhigh,2,4,small,high,positive,positive
low,vhigh,2,4,med,low,negative,negative
low,vhigh,2,4,med,med,negative,positive
low,vhigh,2,4,med,high,positive,positive
low,vhigh,2,4,big,low,negative,negative
low,vhigh,2,4,big,med,positive,positive
low,vhigh,2,4,big,high,positive,positive
low,vhigh,2,more,small,low,negative,negative
low,vhigh,2,more,small,med,negative,negative
low,vhigh,2,more,small,high,negative,negative
low,vhigh,2,more,med,low,negative,negative
low,vhigh,2,more,med,med,negative,negative
low,vhigh,2,more,big,low,negative,negative
low,vhigh,2,more,big,high,positive,positive
low,vhigh,3,2,small,low,negative,negative
low,vhigh,3,2,small,med,negative,negative
low,vhigh,3,2,small,high,negative,negative
low,vhigh,3,2,med,low,negative,negative
low,vhigh,3,2,med,med,negative,negative
low,vhigh,3,2,med,high,negative,negative
low,vhigh,3,2,big,low,negative,negative
low,vhigh,3,2,big,med,negative,negative
low,vhigh,3,4,small,med,negative,negative
low,vhigh,3,4,small,high,positive,positive
low,vhigh,3,4,med,low,negative,negative
low,vhigh,3,4,med,med,negative,positive
low,vhigh,3,4,med,high,positive,positive
low,vhigh,3,4,big,low,negative,negative
low,vhigh,3,4,big,med,positive,positive
low,vhigh,3,4,big,high,positive,positive
low,vhigh,3,more,small,low,negative,negative
low,vhigh,3,more,small,med,negative,negative
low,vhigh,3,more,small,high,positive,positive
low,vhigh,3,more,med,low,negative,negative
low,vhigh,3,more,big,low,negative,negative
low,vhigh,3,more,big,high,positive,positive
low,vhigh,4,2,small,low,negative,negative
low,vhigh,4,2,small,high,negative,negative
low,vhigh,4,2,med,low,negative,negative
low,vhigh,4,2,med,med,negative,negative
low,vhigh,4,2,med,high,negative,negative
low,vhigh,4,2,big,low,negative,negative
low,vhigh,4,2,big,med,negative,negative
low,vhigh,4,2,big,high,negative,negative
low,vhigh,4,4,small,low,negative,negative
low,vhigh,4,4,small,med,negative,negative
low,vhigh,4,4,small,high,positive,positive
low,vhigh,4,4,med,med,positive,positive
low,vhigh,4,4,big,low,negative,negative
low,vhigh,4,4,big,med,positive,positive
low,vhigh,4,4,big,high,positive,positive
low,vhigh,4,more,small,high,positive,positive
low,vhigh,4,more,med,low,negative,negative
low,vhigh,4,more,med,high,positive,positive
low,vhigh,4,more,big,low,negative,negative
low,vhigh,4,more,big,high,positive,positive
low,vhigh,morethanfive,2,small,low,negative,negative
low,vhigh,morethanfive,2,small,med,negative,negative
low,vhigh,morethanfive,2,small,high,negative,negative
low,vhigh,morethanfive,2,med,med,negative,negative
low,vhigh,morethanfive,2,med,high,negative,negative
low,vhigh,morethanfive,2,big,med,negative,negative
low,vhigh,morethanfive,4,small,low,negative,negative
low,vhigh,morethanfive,4,small,high,positive,positive
low,vhigh,morethanfive,4,med,low,negative,negative
low,vhigh,morethanfive,4,med,high,positive,positive
low,vhigh,morethanfive,4,big,low,negative,negative
low,vhigh,morethanfive,4,big,med,positive,positive
low,vhigh,morethanfive,more,small,med,negative,negative
low,vhigh,morethanfive,more,med,low,negative,negative
low,vhigh,morethanfive,more,med,high,positive,positive
low,vhigh,morethanfive,more,big,low,negative,negative
low,vhigh,morethanfive,more,big,med,positive,positive
low,vhigh,morethanfive,more,big,high,positive,positive
low,high,2,2,small,low,negative,negative
low,high,2,2,small,med,negative,negative
low,high,2,2,small,high,negative,negative
low,high,2,2,med,low,negative,negative
low,high,2,2,med,med,negative,negative
low,high,2,2,med,high,negative,negative
low,high,2,2,big,low,negative,negative
low,high,2,2,big,med,negative,negative
low,high,2,4,small,low,negative,negative
low,high,2,4,small,med,positive,positive
low,high,2,4,med,low,negative,negative
low,high,2,4,med,med,positive,positive
low,high,2,4,big,low,negative,negative
low,high,2,4,big,med,positive,positive
low,high,2,4,big,high,positive,positive
low,high,2,more,small,med,negative,negative
low,high,2,more,small,high,negative,positive
low,high,2,more,med,low,negative,negative
low,high,2,more,med,med,positive,positive
low,high,2,more,med,high,positive,positive
low,high,2,more,big,low,negative,negative
low,high,2,more,big,med,positive,positive
low,high,3,2,small,low,negative,negative
low,high,3,2,small,med,negative,negative
low,high,3,2,small,high,negative,negative
low,high,3,2,med,high,negative,negative
low,high,3,2,big,med,negative,negative
low,high,3,2,big,high,negative,negative
low,high,3,4,small,low,negative,negative
low,high,3,4,small,med,positive,positive
low,high,3,4,small,high,positive,positive
low,high,3,4,med,med,positive,positive
low,high,3,4,big,low,negative,negative
low,high,3,4,big,med,positive,positive
low,high,3,4,big,high,positive,positive
low,high,3,more,small,med,positive,positive
low,high,3,more,small,high,positive,positive
low,high,3,more,med,low,negative,negative
low,high,3,more,med,med,positive,positive
low,high,3,more,med,high,positive,positive
low,high,3,more,big,low,negative,negative
low,high,3,more,big,med,positive,positive
low,high,3,more,big,high,positive,positive
low,high,4,2,small,low,negative,negative
low,high,4,2,small,med,negative,negative
low,high,4,2,small,high,negative,negative
low,high,4,2,med,low,negative,negative
low,high,4,2,med,med,negative,negative
low,high,4,2,med,high,negative,negative
low,high,4,2,big,med,negative,negative
low,high,4,2,big,high,negative,negative
low,high,4,4,small,high,positive,positive
low,high,4,4,med,low,negative,negative
low,high,4,4,med,med,positive,positive
low,high,4,4,med,high,positive,positive
low,high,4,4,big,low,negative,negative
low,high,4,4,big,med,positive,positive
low,high,4,4,big,high,positive,positive
low,high,4,more,small,low,negative,negative
low,high,4,more,small,high,positive,positive
low,high,4,more,med,low,negative,negative
low,high,4,more,med,high,positive,positive
low,high,4,more,big,low,negative,negative
low,high,4,more,big,med,positive,positive
low,high,4,more,big,high,positive,positive
low,high,morethanfive,2,small,low,negative,negative
low,high,morethanfive,2,small,med,negative,negative
low,high,morethanfive,2,small,high,negative,negative
low,high,morethanfive,2,med,low,negative,negative
low,high,morethanfive,2,med,med,negative,negative
low,high,morethanfive,2,med,high,negative,negative
low,high,morethanfive,2,big,low,negative,negative
low,high,morethanfive,2,big,med,negative,negative
low,high,morethanfive,2,big,high,negative,negative
low,high,morethanfive,4,small,low,negative,negative
low,high,morethanfive,4,small,med,positive,positive
low,high,morethanfive,4,med,low,negative,negative
low,high,morethanfive,4,med,med,positive,positive
low,high,morethanfive,4,med,high,positive,positive
low,high,morethanfive,4,big,low,negative,negative
low,high,morethanfive,4,big,med,positive,positive
low,high,morethanfive,4,big,high,positive,positive
low,high,morethanfive,more,small,low,negative,negative
low,high,morethanfive,more,small,med,positive,positive
low,high,morethanfive,more,small,high,positive,positive
low,high,morethanfive,more,med,low,negative,negative
low,high,morethanfive,more,med,med,positive,positive
low,high,morethanfive,more,big,low,negative,negative
low,high,morethanfive,more,big,med,positive,positive
low,high,morethanfive,more,big,high,positive,positive
low,med,2,2,small,low,negative,negative
low,med,2,2,small,med,negative,negative
low,med,2,2,small,high,negative,negative
low,med,2,2,med,low,negative,negative
low,med,2,2,med,med,negative,negative
low,med,2,2,med,high,negative,negative
low,med,2,2,big,low,negative,negative
low,med,2,2,big,high,negative,negative
low,med,2,4,small,low,negative,negative
low,med,2,4,small,med,positive,positive
low,med,2,4,med,med,positive,positive
low,med,2,4,med,high,positive,positive
low,med,2,4,big,low,negative,negative
low,med,2,4,big,med,positive,positive
low,med,2,more,small,low,negative,negative
low,med,2,more,small,med,negative,negative
low,med,2,more,small,high,negative,positive
low,med,2,more,med,low,negative,negative
low,med,2,more,med,high,positive,positive
low,med,2,more,big,low,negative,negative
low,med,2,more,big,med,positive,positive
low,med,2,more,big,high,positive,positive
low,med,3,2,small,low,negative,negative
low,med,3,2,small,med,negative,negative
low,med,3,2,small,high,negative,negative
low,med,3,2,med,low,negative,negative
low,med,3,2,med,high,negative,negative
low,med,3,2,big,low,negative,negative
low,med,3,2,big,med,negative,negative
low,med,3,2,big,high,negative,negative
low,med,3,4,small,low,negative,negative
low,med,3,4,small,med,positive,positive
low,med,3,4,small,high,positive,positive
low,med,3,4,med,low,negative,negative
low,med,3,4,med,med,positive,positive
low,med,3,4,med,high,positive,positive
low,med,3,4,big,low,negative,negative
low,med,3,4,big,med,positive,positive
low,med,3,4,big,high,positive,positive
low,med,3,more,small,low,negative,negative
low,med,3,more,small,med,positive,positive
low,med,3,more,small,high,positive,positive
low,med,3,more,med,low,negative,negative
low,med,3,more,med,med,positive,positive
low,med,3,more,med,high,positive,positive
low,med,3,more,big,low,negative,negative
low,med,3,more,big,med,positive,positive
low,med,3,more,big,high,positive,positive
low,med,4,2,small,low,negative,negative
low,med,4,2,med,high,negative,negative
low,med,4,2,big,low,negative,negative
low,med,4,2,big,med,negative,negative
low,med,4,2,big,high,negative,negative
low,med,4,4,small,low,negative,negative
low,med,4,4,small,med,positive,positive
low,med,4,4,med,low,negative,negative
low,med,4,4,med,high,positive,positive
low,med,4,4,big,low,negative,negative
low,med,4,4,big,med,positive,positive
low,med,4,4,big,high,positive,positive
low,med,4,more,small,low,negative,negative
low,med,4,more,small,med,positive,positive
low,med,4,more,med,med,positive,positive
low,med,4,more,med,high,positive,positive
low,med,4,more,big,low,negative,negative
low,med,4,more,big,med,positive,positive
low,med,4,more,big,high,positive,positive
low,med,morethanfive,2,small,low,negative,negative
low,med,morethanfive,2,small,med,negative,negative
low,med,morethanfive,2,small,high,negative,negative
low,med,morethanfive,2,med,low,negative,negative
low,med,morethanfive,2,med,med,negative,negative
low,med,morethanfive,2,big,low,negative,negative
low,med,morethanfive,2,big,high,negative,negative
low,med,morethanfive,4,small,high,positive,positive
low,med,morethanfive,4,med,low,negative,negative
low,med,morethanfive,4,med,med,positive,positive
low,med,morethanfive,4,med,high,positive,positive
low,med,morethanfive,4,big,med,positive,positive
low,med,morethanfive,more,small,low,negative,negative
low,med,morethanfive,more,small,high,positive,positive
low,med,morethanfive,more,med,low,negative,negative
low,med,morethanfive,more,big,low,negative,negative
low,med,morethanfive,more,big,med,positive,positive
low,med,morethanfive,more,big,high,positive,positive
low,low,2,2,small,low,negative,negative
low,low,2,2,small,high,negative,negative
low,low,2,2,med,low,negative,negative
low,low,2,2,med,med,negative,negative
low,low,2,2,med,high,negative,negative
low,low,2,2,big,low,negative,negative
low,low,2,2,big,med,negative,negative
low,low,2,2,big,high,negative,negative
low,low,2,4,small,low,negative,negative
low,low,2,4,small,med,positive,positive
low,low,2,4,small,high,positive,positive
low,low,2,4,med,low,negative,negative
low,low,2,4,med,med,positive,positive
low,low,2,4,med,high,positive,positive
low,low,2,4,big,low,negative,negative
low,low,2,4,big,med,positive,positive
low,low,2,4,big,high,positive,positive
low,low,2,more,small,low,negative,negative
low,low,2,more,small,med,negative,negative
low,low,2,more,small,high,negative,positive
low,low,2,more,med,low,negative,negative
low,low,2,more,med,med,positive,positive
low,low,2,more,big,low,negative,negative
low,low,2,more,big,high,positive,positive
low,low,3,2,small,low,negative,negative
low,low,3,2,small,med,negative,negative
low,low,3,2,med,low,negative,negative
low,low,3,2,med,high,negative,negative
low,low,3,2,big,low,negative,negative
low,low,3,2,big,med,negative,negative
low,low,3,2,big,high,negative,negative
low,low,3,4,small,low,negative,negative
low,low,3,4,small,med,positive,positive
low,low,3,4,small,high,positive,positive
low,low,3,4,med,low,negative,negative
low,low,3,4,med,high,positive,positive
low,low,3,4,big,low,negative,negative
low,low,3,4,big,med,positive,positive
low,low,3,4,big,high,positive,positive
low,low,3,more,small,low,negative,negative
low,low,3,more,small,med,positive,positive
low,low,3,more,small,high,positive,positive
low,low,3,more,med,low,negative,negative
low,low,3,more,med,med,positive,positive
low,low,3,more,med,high,positive,positive
low,low,3,more,big,low,negative,negative
low,low,3,more,big,med,positive,positive
low,low,3,more,big,high,positive,positive
low,low,4,2,small,low,negative,negative
low,low,4,2,small,med,negative,negative
low,low,4,2,small,high,negative,negative
low,low,4,2,med,low,negative,negative
low,low,4,2,med,med,negative,negative
low,low,4,2,big,low,negative,negative
low,low,4,2,big,med,negative,negative
low,low,4,4,small,low,negative,negative
low,low,4,4,small,med,positive,positive
low,low,4,4,small,high,positive,positive
low,low,4,4,med,med,positive,positive
low,low,4,4,med,high,positive,positive
low,low,4,4,big,low,negative,negative
low,low,4,4,big,med,positive,positive
low,low,4,4,big,high,positive,positive
low,low,4,more,small,med,positive,positive
low,low,4,more,small,high,positive,positive
low,low,4,more,med,low,negative,negative
low,low,4,more,med,med,positive,positive
low,low,4,more,med,high,positive,positive
low,low,4,more,big,med,positive,positive
low,low,4,more,big,high,positive,positive
low,low,morethanfive,2,small,low,negative,negative
low,low,morethanfive,2,small,high,negative,negative
low,low,morethanfive,2,med,low,negative,negative
low,low,morethanfive,2,med,med,negative,negative
low,low,morethanfive,2,med,high,negative,negative
low,low,morethanfive,2,big,low,negative,negative
low,low,morethanfive,4,small,low,negative,negative
low,low,morethanfive,4,small,med,positive,positive
low,low,morethanfive,4,small,high,positive,positive
low,low,morethanfive,4,med,low,negative,negative
low,low,morethanfive,4,med,med,positive,positive
low,low,morethanfive,4,med,high,positive,positive
low,low,morethanfive,4,big,low,negative,negative
low,low,morethanfive,4,big,med,positive,positive
low,low,morethanfive,4,big,high,positive,positive
low,low,morethanfive,more,small,low,negative,negative
low,low,morethanfive,more,small,high,positive,positive
low,low,morethanfive,more,med,low,negative,negative
low,low,morethanfive,more,med,med,positive,positive
low,low,morethanfive,more,med,high,positive,positive
low,low,morethanfive,more,big,low,negative,negative
low,low,morethanfive,more,big,med,positive,positive
