age,fnlwgt,gain,hours_per_week,workclass,education_num,marital_status,occupation,relationship,race,sex,native_country
38.9610214547743,75225.28703955765,3572.2595578820024,39.78439077137358,State-gov,13,Married-civ-spouse,Exec-managerial,Wife,Black,Male,Germany
38.94017440231301,211060.47101538512,-785.5201866305373,40.19595138234637,Private,16,Married-AF-spouse,Tech-support,Not-in-family,White,Male,Ireland
52.674751549928395,236560.48669659323,1390.080714243527,39.31585262633612,Local-gov,10,Married-civ-spouse,Craft-repair,Own-child,Asian-Pac-Islander,Male,Yugoslavia
31.009734331674935,136445.3183783386,1244.572263062535,40.30187927092557,Self-emp-inc,10,Married-AF-spouse,Protective-serv,Wife,Amer-Indian-Eskimo,Male,Poland
33.180211697773345,198691.28222756324,1442.0972617397824,50.155500411135584,Self-emp-inc,10,Married-AF-spouse,Protective-serv,Wife,Amer-Indian-Eskimo,Male,Poland
21.502648397892735,157098.9273044327,3647.1780409649627,40.667255468814865,Self-emp-inc,10,Married-AF-spouse,Protective-serv,Wife,Amer-Indian-Eskimo,Male,Poland
39.3494160293598,360474.0997743303,3085.3554760914517,76.86092075677128,Self-emp-inc,10,Married-AF-spouse,Protective-serv,Wife,Amer-Indian-Eskimo,Male,Poland
33.09856039092276,508198.19772653806,1606.2495657795803,43.48711469272878,Local-gov,10,Married-civ-spouse,Craft-repair,Own-child,Asian-Pac-Islander,Male,Yugoslavia
52.51935222285218,141182.32358343113,1420.5354930677877,37.88702545252926,Self-emp-inc,10,Married-AF-spouse,Protective-serv,Wife,Amer-Indian-Eskimo,Male,Poland
39.437583704102046,109424.03142326335,-3064.7406189973563,39.62459382192076,Self-emp-not-inc,16,Divorced,Prof-specialty,Wife,White,Male,Mexico
