Duration_months,Credit_amount,Installment_rate,Present_residence_since,Age_years,Number_existing_credits,Number_people_liable,Checking_account_status,Credit_history,Purpose,Savings_account_or_bonds,Present_employment_since,Personal_status,Other_debtors,Property,Other_installment_plans,Housing,Job,Telephone,Foreign_worker
28.799094066377037,5238.876796787055,3.94627144594466,1.9812269528635515,28.788695801014015,1.9999490296907307,1.0232270483357535,<0,delay_in_paying_off,car (new),unknown_or_no_savings_account,1=<_and_<4,male-divorced/separated,none,car or other,none,own,unskilled-resident,yes,yes
46.773329597108116,4345.350531137938,2.9206930517034695,4.047342346055631,24.55386432611793,0.9515534878587211,0.9949276105593472,<0,critical_account,business,>1000,1=<_and_<4,male-divorced/separated,guarantor,building society/savings agreement/life insurance,bank,rent,unskilled-resident,yes,no
56.96828266755983,6836.0,3.0,4.0,63.0,2.0,1.0,0=<_and_<200,delay_in_paying_off,radio/television,>1000,unemployed,female-divorced/separated/married,guarantor,real_estate,none,own,unemployed/unskilled-non_resident,no,yes
11.76839599430749,1076.7501840506347,3.9804622138679013,2.984328628793936,27.97797715636335,1.9925687387808382,0.996288659461328,<0,critical_account,car (new),<100,<1,female-divorced/separated/married,none,unknown/no_property,none,rent,skilled_employee/official,yes,yes
11.732045711481527,1633.6311136650238,2.98482125019128,0.9917511243387838,34.96681416484831,0.9925645510447763,0.9990114925613844,<0,delay_in_paying_off,domestic appliances,500=<_and_<1000,1=<_and_<4,male-divorced/separated,guarantor,real_estate,bank,own,skilled_employee/official,yes,no
26.934905923456526,3519.387787538485,2.909082797196732,2.018432644561337,27.768322709985377,0.9736867094058477,0.9715582523244595,<0,all_dues_atbank_cleared,repairs,500=<_and_<1000,unemployed,female-divorced/separated/married,guarantor,car or other,stores,own,unemployed/unskilled-non_resident,no,no
20.276301219564193,3370.4808705053915,1.9838954417817134,0.8790926508607462,26.82790346599968,1.9833907110257845,1.0033247274124473,<0,none_taken/all_dues_cleared,furniture/equipment,100=<_and_<500,unemployed,female-divorced/separated/married,guarantor,real_estate,none,for_free,skilled_employee/official,no,no
17.699993992315196,3217.927489189091,0.9474881524207217,4.032279325262267,33.62407631081063,1.9540950734053277,0.9930132923261958,<0,critical_account,retraining,100=<_and_<500,unemployed,female-divorced/separated/married,co-applicant,car or other,none,rent,unemployed/unskilled-non_resident,no,no
12.0,951.0,4.0,4.0,27.0,3.101757908818981,1.0,no_checking_account,all_dues_atbank_cleared,car (used),500=<_and_<1000,>7,male-married/widowed,none,building society/savings agreement/life insurance,none,own,management/self-employed/highly_qualified/officer,no,yes
11.972927398697498,1484.6438611723815,3.954846511587151,2.968481808125804,26.83620851119368,1.0115633906515609,0.9645107228036203,>200,none_taken/all_dues_cleared,others,unknown_or_no_savings_account,unemployed,female-divorced/separated/married,co-applicant,unknown/no_property,bank,for_free,skilled_employee/official,no,no
